Workbook

Sheet Standard Time
A1: OS | B1: Matrix Size | C1: Process Count | D1: Generations (GEN) | E1: Max Time (s) | F1: Rank | G1: Sequential Time (T1) | H1: Speedup | I1: Efficency
A2: Linux | B2: 6x6 | C2: 1 | D2: 100 | E2: 0.000125 | F2: 0 | G2: =IF(COUNTIFS($A$2:$A$162, A2, $B$2:$B$162, B2, $C$2:$C$162, 1)>0, AVERAGEIFS($E$2:$E$162, $A$2:$A$162, A2, $B$2:$B$162, B2, $C$2:$C$162, 1), _xlfn.MINIFS($E$2:$E$162, $A$2:$A$162, A2, $B$2:$B$162, B2)) -> 0.000125 | H2: =G2 / E2 -> 1 | I2: =H2 / C2 -> 1 | L2: 1 | M2: 1 | N2: 1
A3: Linux | B3: 6x6 | C3: 2 | D3: 100 | E3: 0.001246 | F3: 0 | G3: =IF(COUNTIFS($A$2:$A$162, A3, $B$2:$B$162, B3, $C$2:$C$162, 1)>0, AVERAGEIFS($E$2:$E$162, $A$2:$A$162, A3, $B$2:$B$162, B3, $C$2:$C$162, 1), _xlfn.MINIFS($E$2:$E$162, $A$2:$A$162, A3, $B$2:$B$162, B3)) -> 0.000125 | H3: =G3 / E3 -> 0.10032103 | I3: =H3 / C3 -> 0.050160514 | L3: 2 | M3: 2 | N3: 1
A4: Linux | B4: 6x6 | C4: 4 | D4: 100 | E4: 0.000544 | F4: 0 | G4: =IF(COUNTIFS($A$2:$A$162, A4, $B$2:$B$162, B4, $C$2:$C$162, 1)>0, AVERAGEIFS($E$2:$E$162, $A$2:$A$162, A4, $B$2:$B$162, B4, $C$2:$C$162, 1), _xlfn.MINIFS($E$2:$E$162, $A$2:$A$162, A4, $B$2:$B$162, B4)) -> 0.000125 | H4: =G4 / E4 -> 0.22977941 | I4: =H4 / C4 -> 0.057444853 | L4: 4 | M4: 4 | N4: 1
A5: Linux | B5: 6x6 | C5: 6 | D5: 100 | E5: 0.957161 | F5: 5 | G5: =IF(COUNTIFS($A$2:$A$162, A5, $B$2:$B$162, B5, $C$2:$C$162, 1)>0, AVERAGEIFS($E$2:$E$162, $A$2:$A$162, A5, $B$2:$B$162, B5, $C$2:$C$162, 1), _xlfn.MINIFS($E$2:$E$162, $A$2:$A$162, A5, $B$2:$B$162, B5)) -> 0.000125 | H5: =G5 / E5 -> 0.00013059454 | I5: =H5 / C5 -> 2.1765757e-05 | L5: 6 | M5: 6 | N5: 1
A6: Linux | B6: 6x6 | C6: 8 | D6: 100 | E6: 0.643859 | F6: 5 | G6: =IF(COUNTIFS($A$2:$A$162, A6, $B$2:$B$162, B6, $C$2:$C$162, 1)>0, AVERAGEIFS($E$2:$E$162, $A$2:$A$162, A6, $B$2:$B$162, B6, $C$2:$C$162, 1), _xlfn.MINIFS($E$2:$E$162, $A$2:$A$162, A6, $B$2:$B$162, B6)) -> 0.000125 | H6: =G6 / E6 -> 0.00019414189 | I6: =H6 / C6 -> 2.4267736e-05 | L6: 8 | M6: 8 | N6: 1
A7: Linux | B7: 6x6 | C7: 10 | D7: 100 | E7: 0.630648 | F7: 5 | G7: =IF(COUNTIFS($A$2:$A$162, A7, $B$2:$B$162, B7, $C$2:$C$162, 1)>0, AVERAGEIFS($E$2:$E$162, $A$2:$A$162, A7, $B$2:$B$162, B7, $C$2:$C$162, 1), _xlfn.MINIFS($E$2:$E$162, $A$2:$A$162, A7, $B$2:$B$162, B7)) -> 0.000125 | H7: =G7 / E7 -> 0.00019820883 | I7: =H7 / C7 -> 1.9820883e-05 | L7: 10 | M7: 10 | N7: 1
A8: Linux | B8: 6x6 | C8: 12 | D8: 100 | E8: 0.496293 | F8: 5 | G8: =IF(COUNTIFS($A$2:$A$162, A8, $B$2:$B$162, B8, $C$2:$C$162, 1)>0, AVERAGEIFS($E$2:$E$162, $A$2:$A$162, A8, $B$2:$B$162, B8, $C$2:$C$162, 1), _xlfn.MINIFS($E$2:$E$162, $A$2:$A$162, A8, $B$2:$B$162, B8)) -> 0.000125 | H8: =G8 / E8 -> 0.00025186734 | I8: =H8 / C8 -> 2.0988945e-05 | L8: 12 | M8: 12 | N8: 1
A9: Linux | B9: 6x6 | C9: 16 | D9: 100 | E9: 3.107549 | F9: 7 | G9: =IF(COUNTIFS($A$2:$A$162, A9, $B$2:$B$162, B9, $C$2:$C$162, 1)>0, AVERAGEIFS($E$2:$E$162, $A$2:$A$162, A9, $B$2:$B$162, B9, $C$2:$C$162, 1), _xlfn.MINIFS($E$2:$E$162, $A$2:$A$162, A9, $B$2:$B$162, B9)) -> 0.000125 | H9: =G9 / E9 -> 4.0224627e-05 | I9: =H9 / C9 -> 2.5140392e-06 | L9: 16 | M9: 16 | N9: 1
A10: Linux | B10: 6x6 | C10: 20 | D10: 100 | E10: 3.657639 | F10: 7 | G10: =IF(COUNTIFS($A$2:$A$162, A10, $B$2:$B$162, B10, $C$2:$C$162, 1)>0, AVERAGEIFS($E$2:$E$162, $A$2:$A$162, A10, $B$2:$B$162, B10, $C$2:$C$162, 1), _xlfn.MINIFS($E$2:$E$162, $A$2:$A$162, A10, $B$2:$B$162, B10)) -> 0.000125 | H10: =G10 / E10 -> 3.4175051e-05 | I10: =H10 / C10 -> 1.7087526e-06 | L10: 20 | M10: 20 | N10: 1
A11: Linux | B11: 6x6 | C11: 24 | D11: 100 | E11: 3.51587 | F11: 5 | G11: =IF(COUNTIFS($A$2:$A$162, A11, $B$2:$B$162, B11, $C$2:$C$162, 1)>0, AVERAGEIFS($E$2:$E$162, $A$2:$A$162, A11, $B$2:$B$162, B11, $C$2:$C$162, 1), _xlfn.MINIFS($E$2:$E$162, $A$2:$A$162, A11, $B$2:$B$162, B11)) -> 0.000125 | H11: =G11 / E11 -> 3.5553078e-05 | I11: =H11 / C11 -> 1.4813782e-06 | L11: 24 | M11: 24 | N11: 1
A12: Linux | B12: 6x6 | C12: 28 | D12: 100 | E12: 4.98329 | F12: 25 | G12: =IF(COUNTIFS($A$2:$A$162, A12, $B$2:$B$162, B12, $C$2:$C$162, 1)>0, AVERAGEIFS($E$2:$E$162, $A$2:$A$162, A12, $B$2:$B$162, B12, $C$2:$C$162, 1), _xlfn.MINIFS($E$2:$E$162, $A$2:$A$162, A12, $B$2:$B$162, B12)) -> 0.000125 | H12: =G12 / E12 -> 2.508383e-05 | I12: =H12 / C12 -> 8.9585108e-07 | L12: 28 | M12: 28 | N12: 1
A13: Linux | B13: 6x6 | C13: 32 | D13: 100 | E13: 7.233442 | F13: 21 | G13: =IF(COUNTIFS($A$2:$A$162, A13, $B$2:$B$162, B13, $C$2:$C$162, 1)>0, AVERAGEIFS($E$2:$E$162, $A$2:$A$162, A13, $B$2:$B$162, B13, $C$2:$C$162, 1), _xlfn.MINIFS($E$2:$E$162, $A$2:$A$162, A13, $B$2:$B$162, B13)) -> 0.000125 | H13: =G13 / E13 -> 1.7280846e-05 | I13: =H13 / C13 -> 5.4002645e-07 | L13: 32 | M13: 32 | N13: 1
A14: Windows | B14: 6x6 | C14: 1 | D14: 100 | E14: 0.000189 | F14: 0 | G14: =IF(COUNTIFS($A$2:$A$162, A14, $B$2:$B$162, B14, $C$2:$C$162, 1)>0, AVERAGEIFS($E$2:$E$162, $A$2:$A$162, A14, $B$2:$B$162, B14, $C$2:$C$162, 1), _xlfn.MINIFS($E$2:$E$162, $A$2:$A$162, A14, $B$2:$B$162, B14)) -> 0.000189 | H14: =G14 / E14 -> 1 | I14: =H14 / C14 -> 1
A15: Windows | B15: 6x6 | C15: 2 | D15: 100 | E15: 0.000574 | F15: 1 | G15: =IF(COUNTIFS($A$2:$A$162, A15, $B$2:$B$162, B15, $C$2:$C$162, 1)>0, AVERAGEIFS($E$2:$E$162, $A$2:$A$162, A15, $B$2:$B$162, B15, $C$2:$C$162, 1), _xlfn.MINIFS($E$2:$E$162, $A$2:$A$162, A15, $B$2:$B$162, B15)) -> 0.000189 | H15: =G15 / E15 -> 0.32926829 | I15: =H15 / C15 -> 0.16463415
A16: Windows | B16: 6x6 | C16: 4 | D16: 100 | E16: 0.000869 | F16: 3 | G16: =IF(COUNTIFS($A$2:$A$162, A16, $B$2:$B$162, B16, $C$2:$C$162, 1)>0, AVERAGEIFS($E$2:$E$162, $A$2:$A$162, A16, $B$2:$B$162, B16, $C$2:$C$162, 1), _xlfn.MINIFS($E$2:$E$162, $A$2:$A$162, A16, $B$2:$B$162, B16)) -> 0.000189 | H16: =G16 / E16 -> 0.21749137 | I16: =H16 / C16 -> 0.054372842
A17: Windows | B17: 6x6 | C17: 6 | D17: 100 | E17: 0.002478 | F17: 5 | G17: =IF(COUNTIFS($A$2:$A$162, A17, $B$2:$B$162, B17, $C$2:$C$162, 1)>0, AVERAGEIFS($E$2:$E$162, $A$2:$A$162, A17, $B$2:$B$162, B17, $C$2:$C$162, 1), _xlfn.MINIFS($E$2:$E$162, $A$2:$A$162, A17, $B$2:$B$162, B17)) -> 0.000189 | H17: =G17 / E17 -> 0.076271186 | I17: =H17 / C17 -> 0.012711864
A18: Windows | B18: 6x6 | C18: 8 | D18: 100 | E18: 0.002319 | F18: 7 | G18: =IF(COUNTIFS($A$2:$A$162, A18, $B$2:$B$162, B18, $C$2:$C$162, 1)>0, AVERAGEIFS($E$2:$E$162, $A$2:$A$162, A18, $B$2:$B$162, B18, $C$2:$C$162, 1), _xlfn.MINIFS($E$2:$E$162, $A$2:$A$162, A18, $B$2:$B$162, B18)) -> 0.000189 | H18: =G18 / E18 -> 0.081500647 | I18: =H18 / C18 -> 0.010187581
A19: Windows | B19: 6x6 | C19: 10 | D19: 100 | E19: 0.001194 | F19: 3 | G19: =IF(COUNTIFS($A$2:$A$162, A19, $B$2:$B$162, B19, $C$2:$C$162, 1)>0, AVERAGEIFS($E$2:$E$162, $A$2:$A$162, A19, $B$2:$B$162, B19, $C$2:$C$162, 1), _xlfn.MINIFS($E$2:$E$162, $A$2:$A$162, A19, $B$2:$B$162, B19)) -> 0.000189 | H19: =G19 / E19 -> 0.15829146 | I19: =H19 / C19 -> 0.015829146
A20: Windows | B20: 6x6 | C20: 12 | D20: 100 | E20: 0.002416 | F20: 7 | G20: =IF(COUNTIFS($A$2:$A$162, A20, $B$2:$B$162, B20, $C$2:$C$162, 1)>0, AVERAGEIFS($E$2:$E$162, $A$2:$A$162, A20, $B$2:$B$162, B20, $C$2:$C$162, 1), _xlfn.MINIFS($E$2:$E$162, $A$2:$A$162, A20, $B$2:$B$162, B20)) -> 0.000189 | H20: =G20 / E20 -> 0.078228477 | I20: =H20 / C20 -> 0.0065190397
A21: Linux | B21: 10x10 | C21: 1 | D21: 100 | E21: 0.000143 | F21: 0 | G21: =IF(COUNTIFS($A$2:$A$162, A21, $B$2:$B$162, B21, $C$2:$C$162, 1)>0, AVERAGEIFS($E$2:$E$162, $A$2:$A$162, A21, $B$2:$B$162, B21, $C$2:$C$162, 1), _xlfn.MINIFS($E$2:$E$162, $A$2:$A$162, A21, $B$2:$B$162, B21)) -> 0.000143 | H21: =G21 / E21 -> 1 | I21: =H21 / C21 -> 1 | Q21: Speedup | AA21: Efficienza
A22: Linux | B22: 10x10 | C22: 2 | D22: 100 | E22: 0.001264 | F22: 0 | G22: =IF(COUNTIFS($A$2:$A$162, A22, $B$2:$B$162, B22, $C$2:$C$162, 1)>0, AVERAGEIFS($E$2:$E$162, $A$2:$A$162, A22, $B$2:$B$162, B22, $C$2:$C$162, 1), _xlfn.MINIFS($E$2:$E$162, $A$2:$A$162, A22, $B$2:$B$162, B22)) -> 0.000143 | H22: =G22 / E22 -> 0.11313291 | I22: =H22 / C22 -> 0.056566456
A23: Linux | B23: 10x10 | C23: 4 | D23: 100 | E23: 0.000562 | F23: 0 | G23: =IF(COUNTIFS($A$2:$A$162, A23, $B$2:$B$162, B23, $C$2:$C$162, 1)>0, AVERAGEIFS($E$2:$E$162, $A$2:$A$162, A23, $B$2:$B$162, B23, $C$2:$C$162, 1), _xlfn.MINIFS($E$2:$E$162, $A$2:$A$162, A23, $B$2:$B$162, B23)) -> 0.000143 | H23: =G23 / E23 -> 0.2544484 | I23: =H23 / C23 -> 0.0636121
A24: Linux | B24: 10x10 | C24: 6 | D24: 100 | E24: 0.235828 | F24: 5 | G24: =IF(COUNTIFS($A$2:$A$162, A24, $B$2:$B$162, B24, $C$2:$C$162, 1)>0, AVERAGEIFS($E$2:$E$162, $A$2:$A$162, A24, $B$2:$B$162, B24, $C$2:$C$162, 1), _xlfn.MINIFS($E$2:$E$162, $A$2:$A$162, A24, $B$2:$B$162, B24)) -> 0.000143 | H24: =G24 / E24 -> 0.00060637414 | I24: =H24 / C24 -> 0.00010106236
A25: Linux | B25: 10x10 | C25: 8 | D25: 100 | E25: 0.612786 | F25: 5 | G25: =IF(COUNTIFS($A$2:$A$162, A25, $B$2:$B$162, B25, $C$2:$C$162, 1)>0, AVERAGEIFS($E$2:$E$162, $A$2:$A$162, A25, $B$2:$B$162, B25, $C$2:$C$162, 1), _xlfn.MINIFS($E$2:$E$162, $A$2:$A$162, A25, $B$2:$B$162, B25)) -> 0.000143 | H25: =G25 / E25 -> 0.00023336042 | I25: =H25 / C25 -> 2.9170053e-05
A26: Linux | B26: 10x10 | C26: 10 | D26: 100 | E26: 1.048239 | F26: 9 | G26: =IF(COUNTIFS($A$2:$A$162, A26, $B$2:$B$162, B26, $C$2:$C$162, 1)>0, AVERAGEIFS($E$2:$E$162, $A$2:$A$162, A26, $B$2:$B$162, B26, $C$2:$C$162, 1), _xlfn.MINIFS($E$2:$E$162, $A$2:$A$162, A26, $B$2:$B$162, B26)) -> 0.000143 | H26: =G26 / E26 -> 0.00013641927 | I26: =H26 / C26 -> 1.3641927e-05
A27: Linux | B27: 10x10 | C27: 12 | D27: 100 | E27: 0.269834 | F27: 9 | G27: =IF(COUNTIFS($A$2:$A$162, A27, $B$2:$B$162, B27, $C$2:$C$162, 1)>0, AVERAGEIFS($E$2:$E$162, $A$2:$A$162, A27, $B$2:$B$162, B27, $C$2:$C$162, 1), _xlfn.MINIFS($E$2:$E$162, $A$2:$A$162, A27, $B$2:$B$162, B27)) -> 0.000143 | H27: =G27 / E27 -> 0.00052995545 | I27: =H27 / C27 -> 4.4162955e-05
A28: Linux | B28: 10x10 | C28: 16 | D28: 100 | E28: 1.648659 | F28: 15 | G28: =IF(COUNTIFS($A$2:$A$162, A28, $B$2:$B$162, B28, $C$2:$C$162, 1)>0, AVERAGEIFS($E$2:$E$162, $A$2:$A$162, A28, $B$2:$B$162, B28, $C$2:$C$162, 1), _xlfn.MINIFS($E$2:$E$162, $A$2:$A$162, A28, $B$2:$B$162, B28)) -> 0.000143 | H28: =G28 / E28 -> 8.673716e-05 | I28: =H28 / C28 -> 5.4210725e-06
A29: Linux | B29: 10x10 | C29: 20 | D29: 100 | E29: 2.92454 | F29: 5 | G29: =IF(COUNTIFS($A$2:$A$162, A29, $B$2:$B$162, B29, $C$2:$C$162, 1)>0, AVERAGEIFS($E$2:$E$162, $A$2:$A$162, A29, $B$2:$B$162, B29, $C$2:$C$162, 1), _xlfn.MINIFS($E$2:$E$162, $A$2:$A$162, A29, $B$2:$B$162, B29)) -> 0.000143 | H29: =G29 / E29 -> 4.8896579e-05 | I29: =H29 / C29 -> 2.4448289e-06
A30: Linux | B30: 10x10 | C30: 24 | D30: 100 | E30: 2.829469 | F30: 23 | G30: =IF(COUNTIFS($A$2:$A$162, A30, $B$2:$B$162, B30, $C$2:$C$162, 1)>0, AVERAGEIFS($E$2:$E$162, $A$2:$A$162, A30, $B$2:$B$162, B30, $C$2:$C$162, 1), _xlfn.MINIFS($E$2:$E$162, $A$2:$A$162, A30, $B$2:$B$162, B30)) -> 0.000143 | H30: =G30 / E30 -> 5.0539518e-05 | I30: =H30 / C30 -> 2.1058133e-06
A31: Linux | B31: 10x10 | C31: 28 | D31: 100 | E31: 5.693809 | F31: 27 | G31: =IF(COUNTIFS($A$2:$A$162, A31, $B$2:$B$162, B31, $C$2:$C$162, 1)>0, AVERAGEIFS($E$2:$E$162, $A$2:$A$162, A31, $B$2:$B$162, B31, $C$2:$C$162, 1), _xlfn.MINIFS($E$2:$E$162, $A$2:$A$162, A31, $B$2:$B$162, B31)) -> 0.000143 | H31: =G31 / E31 -> 2.5114998e-05 | I31: =H31 / C31 -> 8.969642e-07
A32: Linux | B32: 10x10 | C32: 32 | D32: 100 | E32: 7.681399 | F32: 7 | G32: =IF(COUNTIFS($A$2:$A$162, A32, $B$2:$B$162, B32, $C$2:$C$162, 1)>0, AVERAGEIFS($E$2:$E$162, $A$2:$A$162, A32, $B$2:$B$162, B32, $C$2:$C$162, 1), _xlfn.MINIFS($E$2:$E$162, $A$2:$A$162, A32, $B$2:$B$162, B32)) -> 0.000143 | H32: =G32 / E32 -> 1.86164e-05 | I32: =H32 / C32 -> 5.8176251e-07
A33: Windows | B33: 10x10 | C33: 1 | D33: 100 | E33: 0.000199 | F33: 0 | G33: =IF(COUNTIFS($A$2:$A$162, A33, $B$2:$B$162, B33, $C$2:$C$162, 1)>0, AVERAGEIFS($E$2:$E$162, $A$2:$A$162, A33, $B$2:$B$162, B33, $C$2:$C$162, 1), _xlfn.MINIFS($E$2:$E$162, $A$2:$A$162, A33, $B$2:$B$162, B33)) -> 0.000199 | H33: =G33 / E33 -> 1 | I33: =H33 / C33 -> 1
... A162: Linux | B162: 100kx100k | C162: 32 | D162: 100 | E162: 9.089351 | F162: 27 | G162: =IF(COUNTIFS($A$2:$A$162, A162, $B$2:$B$162, B162, $C$2:$C$162, 1)>0, AVERAGEIFS($E$2:$E$162, $A$2:$A$162, A162, $B$2:$B$162, B162, $C$2:$C$162, 1), _xlfn.MINIFS($E$2:$E$162, $A$2:$A$162, A162, $B$2:$B$162, B162)) -> 9.089351 | H162: =G162 / E162 -> 1 | I162: =H162 / C162 -> 0.03125

Sheet performance_casi_speciali
A1: OS | B1: Matrix Size | C1: Process Count | D1: Generations (GEN) | E1: Type/Tag | F1: Max Time (s) | G1: Rank | H1: Tempo Baseline (Standard) | I1: Differenza di Tempo (s) | J1: Impatto Percentuale (%) | M1: P4 | N1: P10
A2: Windows | B2: 20kx20k | C2: 4 | D2: 100 | E2: NO FILE | F2: 53.933371 | G2: 3 | H2: =AVERAGEIFS('Standard Time'!$E:$E, 'Standard Time'!$A:$A, "Windows", 'Standard Time'!$B:$B, "20kx20k", 'Standard Time'!$C:$C, C2) -> 40.044937 | I2: =F2 - H2 -> 13.888434 | J2: =I2 / H2 -> 0.34682122 | L2: NO FILE | M2: =J2 -> 0.34682122 | N2: =J3 -> 0.25303799
A3: Windows | B3: 20kx20k | C3: 10 | D3: 100 | E3: NO FILE | F3: 25.272042 | G3: 9 | H3: =AVERAGEIFS('Standard Time'!$E:$E, 'Standard Time'!$A:$A, "Windows", 'Standard Time'!$B:$B, "20kx20k", 'Standard Time'!$C:$C, C3) -> 20.168616 | I3: =F3 - H3 -> 5.103426 | J3: =I3 / H3 -> 0.25303799 | L3: PROF | M3: =J4 -> 0.049559673 | N3: =J5 -> 0.095064927
A4: Windows | B4: 20kx20k | C4: 4 | D4: 100 | E4: PROF | F4: 42.029551 | G4: 0 | H4: =AVERAGEIFS('Standard Time'!$E:$E, 'Standard Time'!$A:$A, "Windows", 'Standard Time'!$B:$B, "20kx20k", 'Standard Time'!$C:$C, C4) -> 40.044937 | I4: =F4 - H4 -> 1.984614 | J4: =I4 / H4 -> 0.049559673 | L4: SO | M4: =J8 -> 0.053361452 | N4: =J11 -> 0.0062046399
A5: Windows | B5: 20kx20k | C5: 10 | D5: 100 | E5: PROF | F5: 22.085944 | G5: 1 | H5: =AVERAGEIFS('Standard Time'!$E:$E, 'Standard Time'!$A:$A, "Windows", 'Standard Time'!$B:$B, "20kx20k", 'Standard Time'!$C:$C, C5) -> 20.168616 | I5: =F5 - H5 -> 1.917328 | J5: =I5 / H5 -> 0.095064927
A6: Windows | B6: 20kx20k | C6: 1 | D6: 100 | E6: SO | F6: 117.22222 | G6: 0 | H6: =AVERAGEIFS('Standard Time'!$E:$E, 'Standard Time'!$A:$A, "Windows", 'Standard Time'!$B:$B, "20kx20k", 'Standard Time'!$C:$C, C6) -> 116.38681 | I6: =F6 - H6 -> 0.835409 | J6: =I6 / H6 -> 0.0071778666
A7: Windows | B7: 20kx20k | C7: 2 | D7: 100 | E7: SO | F7: 65.337398 | G7: 1 | H7: =AVERAGEIFS('Standard Time'!$E:$E, 'Standard Time'!$A:$A, "Windows", 'Standard Time'!$B:$B, "20kx20k", 'Standard Time'!$C:$C, C7) -> 61.430938 | I7: =F7 - H7 -> 3.90646 | J7: =I7 / H7 -> 0.063591085
A8: Windows | B8: 20kx20k | C8: 4 | D8: 100 | E8: SO | F8: 42.181793 | G8: 3 | H8: =AVERAGEIFS('Standard Time'!$E:$E, 'Standard Time'!$A:$A, "Windows", 'Standard Time'!$B:$B, "20kx20k", 'Standard Time'!$C:$C, C8) -> 40.044937 | I8: =F8 - H8 -> 2.136856 | J8: =I8 / H8 -> 0.053361452
A9: Windows | B9: 20kx20k | C9: 6 | D9: 100 | E9: SO | F9: 30.502341 | G9: 3 | H9: =AVERAGEIFS('Standard Time'!$E:$E, 'Standard Time'!$A:$A, "Windows", 'Standard Time'!$B:$B, "20kx20k", 'Standard Time'!$C:$C, C9) -> 29.363963 | I9: =F9 - H9 -> 1.138378 | J9: =I9 / H9 -> 0.03876786
A10: Windows | B10: 20kx20k | C10: 8 | D10: 100 | E10: SO | F10: 24.527604 | G10: 3 | H10: =AVERAGEIFS('Standard Time'!$E:$E, 'Standard Time'!$A:$A, "Windows", 'Standard Time'!$B:$B, "20kx20k", 'Standard Time'!$C:$C, C10) -> 23.875588 | I10: =F10 - H10 -> 0.652016 | J10: =I10 / H10 -> 0.027308898
A11: Windows | B11: 20kx20k | C11: 10 | D11: 100 | E11: SO | F11: 20.293755 | G11: 0 | H11: =AVERAGEIFS('Standard Time'!$E:$E, 'Standard Time'!$A:$A, "Windows", 'Standard Time'!$B:$B, "20kx20k", 'Standard Time'!$C:$C, C11) -> 20.168616 | I11: =F11 - H11 -> 0.125139 | J11: =I11 / H11 -> 0.0062046399
A12: Windows | B12: 20kx20k | C12: 12 | D12: 100 | E12: SO | F12: 23.094145 | G12: 5 | H12: =AVERAGEIFS('Standard Time'!$E:$E, 'Standard Time'!$A:$A, "Windows", 'Standard Time'!$B:$B, "20kx20k", 'Standard Time'!$C:$C, C12) -> 19.773899 | I12: =F12 - H12 -> 3.320246 | J12: =I12 / H12 -> 0.16791054
